{
	"status": 1,
	"difference": [{
			"id": "19",
			"price": 200,
			"stock": 19,
			"difference": [
				"100",
				"白色",
				"X",
				"豪华"
			]
		},
		{
			"id": "21",
			"price": 300,
			"stock": 10,
			"difference": [
				"100",
				"黑色",
				"XL",
				"低调"
			]
		},
		{
			"id": "23",
			"price": 500,
			"stock": 48,
			"difference": [
				"100",
				"绿色",
				"X",
				"豪华"
			]
		},
		{
			"id": "20",
			"price": 300,
			"stock": 29,
			"difference": [
				"200",
				"白色",
				"XL",
				"大众"
			]
		},
		{
			"id": "22",
			"price": 300,
			"stock": 200,
			"difference": [
				"200",
				"黑色",
				"L",
				"豪华"
			]
		}
	],
	"msg": "提示信息"
}
