{
	"status": 1,
	"specifications": [{
			"name": "尺寸",
			"item": [{
					"name": "100"
				},
				{
					"name": "200"
				}
			]
		},
		{
			"name": "颜色",
			"item": [{
					"name": "白色"
				},
				{
					"name": "黑色"
				},
				{
					"name": "绿色"
				}
			]
		},
		{
			"name": "码数",
			"item": [{
					"name": "X"
				},
				{
					"name": "L"
				},
				{
					"name": "XL"
				}
			]
		},
		{
			"name": "款式",
			"item": [{
					"name": "豪华"
				},
				{
					"name": "大众"
				},
				{
					"name": "低调"
				}
			]
		}
	],
	"msg": "提示"
}
